order_id,user_id,order_date,total_amount
1,51,2025-11-14T14:52:06,1260.9
2,83,2025-11-14T14:44:12,2156.1
3,59,2025-11-14T14:55:48,3460.86
4,19,2025-11-14T14:44:11,2850.71
5,34,2025-11-14T14:58:44,2213.71
6,18,2025-11-14T14:56:22,1037.67
7,32,2025-11-14T14:41:18,1282.31
8,96,2025-11-14T14:45:42,1352.1
9,72,2025-11-14T14:54:46,1651.18
10,69,2025-11-14T14:46:03,336.83
11,34,2025-11-14T14:43:20,1608.92
12,96,2025-11-14T14:56:48,462.87
13,75,2025-11-14T14:49:49,2392.1
14,55,2025-11-14T14:52:20,2486.99
15,75,2025-11-14T14:54:21,1795.06
16,52,2025-11-14T14:43:31,1401.57
17,47,2025-11-14T14:51:59,3239.45
18,29,2025-11-14T14:53:45,2264.0
19,18,2025-11-14T14:51:35,1339.23
20,66,2025-11-14T14:57:26,1758.18
21,64,2025-11-14T14:42:00,713.44
22,12,2025-11-14T14:43:07,849.22
23,97,2025-11-14T14:48:47,3296.2
24,7,2025-11-14T14:50:35,2952.76
25,15,2025-11-14T14:48:32,1556.38
26,20,2025-11-14T14:43:52,2465.31
27,81,2025-11-14T14:55:35,1284.26
28,21,2025-11-14T14:44:08,2196.25
29,88,2025-11-14T14:44:12,1970.88
30,55,2025-11-14T14:55:55,1913.57
31,77,2025-11-14T14:46:27,473.2
32,9,2025-11-14T14:51:00,2714.1
33,50,2025-11-14T14:41:46,1025.51
34,49,2025-11-14T14:42:21,2060.28
35,77,2025-11-14T14:51:51,2736.48
36,60,2025-11-14T14:42:41,297.5
37,68,2025-11-14T14:50:47,1262.73
38,33,2025-11-14T14:53:01,463.78
39,71,2025-11-14T14:53:34,1242.22
40,2,2025-11-14T14:55:29,2775.52
41,88,2025-11-14T14:45:45,2050.57
42,93,2025-11-14T14:49:07,256.25
43,15,2025-11-14T14:54:50,1170.5
44,88,2025-11-14T14:46:55,1092.09
45,69,2025-11-14T14:46:35,216.84
46,97,2025-11-14T14:46:45,2157.2
47,35,2025-11-14T14:43:28,3207.6
48,99,2025-11-14T14:53:50,2749.7
49,83,2025-11-14T14:49:00,2118.42
50,44,2025-11-14T14:57:46,1646.0
51,15,2025-11-14T14:45:40,2722.75
52,38,2025-11-14T14:48:42,2457.5
53,56,2025-11-14T14:56:31,1940.2
54,21,2025-11-14T14:49:27,1126.96
55,59,2025-11-14T14:56:28,1651.52
56,1,2025-11-14T14:49:29,1663.12
57,93,2025-11-14T14:41:06,1685.38
58,93,2025-11-14T14:56:39,1814.59
59,34,2025-11-14T14:50:36,1856.68
60,65,2025-11-14T14:46:10,1826.64
61,98,2025-11-14T14:43:18,811.81
62,23,2025-11-14T14:55:51,2321.67
63,65,2025-11-14T14:52:34,1862.33
64,14,2025-11-14T14:50:59,2180.08
65,81,2025-11-14T14:55:15,1944.44
66,39,2025-11-14T14:49:19,1070.56
67,82,2025-11-14T14:56:22,1472.69
68,65,2025-11-14T14:51:05,595.31
69,78,2025-11-14T14:47:34,1739.88
70,26,2025-11-14T14:53:54,513.64
71,20,2025-11-14T14:57:16,1566.24
72,48,2025-11-14T14:44:25,1463.89
73,98,2025-11-14T14:48:52,1841.35
74,21,2025-11-14T14:53:48,1671.82
75,70,2025-11-14T14:53:02,1756.92
76,100,2025-11-14T14:50:52,3836.88
77,68,2025-11-14T14:50:51,866.62
78,1,2025-11-14T14:41:31,3176.49
79,77,2025-11-14T14:54:17,2219.47
80,42,2025-11-14T14:50:09,4228.55
81,63,2025-11-14T14:41:03,1060.31
82,3,2025-11-14T14:42:27,658.52
83,15,2025-11-14T14:57:44,758.34
84,47,2025-11-14T14:50:33,1899.87
85,40,2025-11-14T14:48:38,972.88
86,31,2025-11-14T14:52:48,1566.82
87,8,2025-11-14T14:48:15,584.27
88,31,2025-11-14T14:47:16,4272.53
89,73,2025-11-14T14:49:20,581.0
90,11,2025-11-14T14:45:27,1293.98
91,11,2025-11-14T14:44:05,1065.81
92,94,2025-11-14T14:42:07,1025.92
93,63,2025-11-14T14:51:19,1063.6
94,9,2025-11-14T14:55:49,883.32
95,98,2025-11-14T14:41:55,697.96
96,69,2025-11-14T14:53:14,2870.22
97,99,2025-11-14T14:45:16,1617.84
98,17,2025-11-14T14:43:51,954.29
99,17,2025-11-14T14:50:51,1468.94
100,85,2025-11-14T14:51:56,1900.08
101,61,2025-11-14T14:54:57,2040.71
102,71,2025-11-14T14:46:46,1875.92
103,22,2025-11-14T14:47:38,1810.46
104,34,2025-11-14T14:45:17,1393.08
105,68,2025-11-14T14:53:16,1568.63
106,78,2025-11-14T14:57:54,1220.11
107,55,2025-11-14T14:50:05,1947.25
108,28,2025-11-14T14:46:23,2233.59
109,70,2025-11-14T14:49:33,3022.64
110,97,2025-11-14T14:57:13,1572.53
111,94,2025-11-14T14:50:51,1848.87
112,89,2025-11-14T14:52:20,2122.62
113,26,2025-11-14T14:44:42,2034.33
114,92,2025-11-14T14:56:46,1306.53
115,40,2025-11-14T14:43:21,1788.76
116,52,2025-11-14T14:45:35,2634.63
117,86,2025-11-14T14:48:29,1540.14
118,84,2025-11-14T14:54:20,1127.34
119,48,2025-11-14T14:53:16,1340.07
120,57,2025-11-14T14:43:51,2097.5
121,67,2025-11-14T14:54:15,175.27
122,58,2025-11-14T14:41:15,3154.2
123,16,2025-11-14T14:49:48,1495.91
124,32,2025-11-14T14:45:00,2062.99
125,29,2025-11-14T14:56:18,2120.58
126,9,2025-11-14T14:53:21,1398.61
127,44,2025-11-14T14:49:43,1818.25
128,3,2025-11-14T14:53:47,2821.86
129,76,2025-11-14T14:53:27,284.86
130,71,2025-11-14T14:44:28,243.36
131,30,2025-11-14T14:48:45,2534.84
132,76,2025-11-14T14:56:52,1039.56
133,29,2025-11-14T14:41:38,2061.63
134,1,2025-11-14T14:51:58,846.41
135,10,2025-11-14T14:48:20,1817.84
136,91,2025-11-14T14:42:56,980.7
137,81,2025-11-14T14:56:37,1073.9
138,8,2025-11-14T14:51:05,1380.69
139,30,2025-11-14T14:54:43,2970.65
140,9,2025-11-14T14:44:45,2263.83
141,5,2025-11-14T14:45:33,744.76
142,43,2025-11-14T14:42:19,989.9
143,10,2025-11-14T14:42:03,598.36
144,66,2025-11-14T14:51:10,2038.8
145,31,2025-11-14T14:57:35,631.1
146,36,2025-11-14T14:44:44,581.93
147,86,2025-11-14T14:44:06,1018.21
148,63,2025-11-14T14:48:47,1198.62
149,28,2025-11-14T14:45:24,2063.72
150,70,2025-11-14T14:54:02,138.31
151,17,2025-11-14T14:56:16,2725.25
152,93,2025-11-14T14:53:26,2522.3
153,74,2025-11-14T14:55:05,3171.15
154,74,2025-11-14T14:46:03,157.39
155,61,2025-11-14T14:54:56,2051.97
156,32,2025-11-14T14:44:09,3191.38
157,61,2025-11-14T14:57:29,1589.32
158,53,2025-11-14T14:54:42,2744.64
159,25,2025-11-14T14:50:19,1471.83
160,13,2025-11-14T14:41:54,2115.69
161,13,2025-11-14T14:53:25,1470.08
162,85,2025-11-14T14:48:11,842.12
163,56,2025-11-14T14:55:55,2367.56
164,46,2025-11-14T14:55:57,1726.73
165,55,2025-11-14T14:48:50,2058.71
166,53,2025-11-14T14:53:09,1318.84
167,60,2025-11-14T14:44:10,2429.6
168,94,2025-11-14T14:53:19,403.13
169,7,2025-11-14T14:53:01,3272.83
170,87,2025-11-14T14:42:51,1987.14
171,84,2025-11-14T14:54:22,2184.62
172,83,2025-11-14T14:50:12,1187.73
173,13,2025-11-14T14:47:15,250.32
174,8,2025-11-14T14:44:57,2437.88
175,52,2025-11-14T14:56:18,3429.45
176,94,2025-11-14T14:43:54,1602.35
177,44,2025-11-14T14:48:01,1018.98
178,14,2025-11-14T14:41:30,2047.69
179,32,2025-11-14T14:42:30,572.4
180,25,2025-11-14T14:52:10,2096.98
181,25,2025-11-14T14:49:05,2551.98
182,69,2025-11-14T14:45:04,1928.63
183,58,2025-11-14T14:47:47,1963.64
184,18,2025-11-14T14:43:07,634.74
185,55,2025-11-14T14:47:51,563.4
186,24,2025-11-14T14:48:09,3115.86
187,36,2025-11-14T14:48:44,564.18
188,60,2025-11-14T14:51:59,1138.21
189,32,2025-11-14T14:45:49,373.77
190,10,2025-11-14T14:40:52,2436.5
191,57,2025-11-14T14:50:14,610.26
192,71,2025-11-14T14:45:43,2153.51
193,13,2025-11-14T14:45:13,1225.85
194,7,2025-11-14T14:49:20,1835.36
195,84,2025-11-14T14:46:44,2273.9
196,70,2025-11-14T14:44:32,1968.91
197,2,2025-11-14T14:41:39,795.78
198,12,2025-11-14T14:45:16,474.74
199,97,2025-11-14T14:41:17,1929.72
200,31,2025-11-14T14:53:00,2489.42
